{
    "tasks": [{
        "command": "T1",
        "start_time": 2,
        "priority": 9,
        "behaviour": [{
            "type": 0,
            "duration": 2
        },
        {
            "type": 1,
            "duration": 4
        },
        {
            "type": 0,
            "duration": 2
        }]
    },
    {
        "command": "T2",
        "start_time": 0,
        "priority": 1,
        "behaviour": [{
            "type": 0,
            "duration": 4
        },
        {
            "type": 1,
            "duration": 2
        },
        {
            "type": 0,
            "duration": 1
        }]
    },
    {
        "command": "T3",
        "start_time": 0,
        "priority": 2,
        "behaviour": [{
            "type": 0,
            "duration": 4
        },
        {
            "type": 1,
            "duration": 5
        },
        {
            "type": 0,
            "duration": 1
        },
        {
            "type": 2,
            "duration": 10
        },
        {
            "type": 0,
            "duration": 3
        }]
    }]
}
