{
    "tasks": [{
        "command": "T1",
        "start_time": 0,
        "priority": 99,
        "behaviour": [{
            "type": 0,
            "duration": 4
        }]
    },
    {
        "command": "T2",
        "start_time": 0,
        "priority": 99,
        "behaviour": [{
            "type": 0,
            "duration": 4
        }]
    },
    {
        "command": "T3",
        "start_time": 0,
        "priority": 99,
        "behaviour": [{
            "type": 0,
            "duration": 4
        }]
    }]
}
